	contigs	start	end	qval	allelefreq	seq	header
0	1280pt3350_1	2291273	2291440	9.6976619015e-05	200	GCCACTTTAGCATTGGGATTATTATCAACGGTCGGAGCTGCATTACCGAGTCACGAAGCATCTGCAGATAGTAATAACGGCTATAAAGAAATGACTGTGGATGGTTATCACACTGTTCCTTACACAATTTCAGTAGATGGTATTACTGCATTACATCGAACTTACTTT	comp_5_cycle2
1	1280pt3350_1	1341484	1341568	0.00014766953666666666	70	TAGTTTACCAATCATTTCTTTAGGCGCTTTGAAATTAACTAACTTATTTTTATCAGTGTAGCCAGCAAGAACCTGATCATCTTTT	comp_259_cycle0
2	1280pt3350_1	2717314	2717386	0.00671906	48	TAATAACTAATCCTATGACAATCCATATTTTAAAAAAAGCACCAAACGTCGTATCTTGTTGTAATGCAATAAA	comp_79_cycle0
3	1280pt3350_1	2549904	2549965	0.0025379846070000002	144	AGTTGTTGCCCATACAATACGCACCAAAAAAAGCTTTGTACAATTTCGTACAAAGCTTTAAAA	comp_10_cycle2
4	1280pt3350_1	1667171	1667253	5.003421e-08	180	TTATAAATTATATAGCCACCACATATGGTGGAGAGTCTTTTTAATTAGAATTTTGTTTTTTCAGTTAAGAAAGCTTCTAACTC	comp_10_cycle3
5	1280pt3350_1	2386102	2386168	2.01022e-08	47	CCATTTACAGAATCTTCAATAGCCAAACATTGTGTAGGCATATAATTTAATTGTTGTACTGCAGATA	comp_203_cycle0
6	1280pt3350_1	1836665	1836724	0.0008146609	69	CAAATTGAATCTATTTTTAGCACAGCAAAAAAACCGAACTGCTGAAATAATGCATCTCCAA	comp_32_cycle0
7	1280pt3350_1	2421961	2422059	0.006664258	48	TGCTAAATTCATAGGTCTATGAATAGCTCAAGTTTTGTTTTTAAATTTTTCAATTCATTATAATAGAAGAAACTATGTTTATCATCGATTTGTTTTAAA	comp_275_cycle0
8	1280pt3350_1	2019326	2019419	0.005192012	47	TACTTATTGTGCGTTATTTAATACACAAGTTTAAACCCAAAAAAGTAGTTGCGACGGATGAGGTTATGACTTCACCATCTTTTATTAAACAAAA	comp_158_cycle0
9	1280pt3350_1	1842720	1842808	2.974427e-12	34	GGTAAAACTACATTTGGTTCTTCTATCTTTTCATCATTCATATATTTTGTTAATAAGCGCATCCCTACTGCACCGATATCATATAATGG	comp_226_cycle0
10	1280pt3350_1	174390	174469	0.01020542	73	GTACGCTTAGTTGGTAAAGATTTAGATGAAGTAAAAAATGGTGATGCACATGTTGATTACCTTGTAACTTGGAACATTCC	comp_214_cycle0
11	1280pt3350_1	348612	348642	0.005611831	135	TTTTTTACATTTTCTAAAATTTTAATATCTC	comp_17_SV_2_pheno1
12	1280pt3350_1	348638	348668	0.002767905	203	AAAAAATATTTGGTATTGAAATTAAAAAAGC	comp_17_SV_3_pheno1
13	1280pt3350_1	2536174	2536219	5.5207315000000004e-05	210	ATTGGTTCGTGATTATTATTAACATTTTTTAGTAATTGATAAAAAT	comp_8_SV_0_pheno1
14	1280pt3350_1	1791250	1791310	3.594345e-05	186	TGGAATTGTTTTAACTGGATCTTTTGTTTCCCCAGCTGTAACACCAATCATTTCAATTCCT	comp_266_SV_0_pheno1
15	1280pt3350_1	683334	683364	0.002313034	114	CTATAATTAAAGCTATATTAACTAGAAAAAA	comp_270_SV_0_pheno1
16	1280pt3350_1	446047	446083	0.0004611825	190	GCTAATACTTTGAAAGTTAGGTATCTAAAGGTGCCTA	comp_240_SV_1_pheno1
17	1280pt3350_1	2576525	2576584	0.0030855885	172	TATTTTATGAGAGACATTATAAGTTATATCGGTATAGACCAATCTAGAATTGTTAAAAGC	comp_16_SV_0_pheno1
18	1280pt3350_1	748380	748410	0.0008332168	220	ATTTTACAATGTTACAAAATATAATTTTTTATAA	comp_45_SV_0_pheno1
19	1280pt3350_1	1750369	1750413	2.461587e-05	222	TCTATGTAAATAATCAAATGACGTTTCTTCTATAGATATAAATTG	comp_33_SV_0_pheno1
20	1280pt3350_1	1357533	1357564	0.01827726	208	CGATATTGAAAGTGTGTTAGATGGGGTTTCTGAGCG	comp_145_SV_0_pheno1
21	1280pt3350_1	700225	700261	0.001616438	147	AAATTTTTCATTTTTAGTGATAAAATTCTGAAAAATGGG	comp_272_SV_0_pheno1
22	1280pt3350_1	893990	894027	0.013030108	161	ATCACGAATAGAAAAAATAACCAACCAAAAATTTTTGG	comp_36_SV_0_pheno1
23	1280pt3350_1	2619745	2619783	4.073114e-12	90	TTGTTAAATAATAGTTACTTGCTAAAGTGATTATCAGAG	comp_210_SV_1_pheno1
24	1280pt3350_1	2234363	2234397	0.023588665	36	ACCAGTGTATTTTATATTACATATTTATTACTTTGTTT	comp_126_SV_0_pheno1
25	1280pt3350_1	2103630	2103666	1.4163325e-08	212	ACGCATTTTTGCTTTTTATAAATTGTCAGATTATTAT	comp_117_SV_0_pheno1
26	1280pt3350_1	1822072	1822110	1.09243615e-05	190	TCCAAAAATGCCAGCAATTTACATTCTATTTCTGGATAT	comp_103_SV_0_pheno1
27	1280pt3350_1	1834329	1834364	0.00011437112	192	TATCACATCTGCTTTATCAGACGCATCTTTAGGATT	comp_125_SV_0_pheno1
28	1280pt3350_1	739137	739169	0.006319146	191	TGATATATTTCATTACGAACAGGTTGTTGCAGC	comp_124_SV_0_pheno1
29	1280pt3350_1	2111881	2111912	0.002678496	255	TAGATAAACCTTCAGACGTACATACATTTACTCCTAAAT	comp_159_SV_1_pheno1
30	1280pt3350_1	707433	707490	0.003955923	220	CTTTATCTCCAAAATACATATAAAAAAGTATCCTAAATAAACTGTACATTGCAATTAG	comp_276_SV_0_pheno1
31	1280pt3350_1	2075235	2075283	0.002332039	71	GATTTAGAGGATAGAGTTAAATCAGTTTTAAAATCAGACAGAGGTATTAGTGATATAGATTTAAGACTATCGAAGCAA	comp_94_SV_0_pheno1
32	1280pt3350_1	2075398	2075475	0.001753858	57	TATTAATATTAACGTAGATACTAAAAAGCAAGTTGAAGATAAA	comp_94_SV_1_pheno1
33	1280pt3350_1	2075093	2075128	0.0017292245	76	TGAACGGTACAAGCCAAAATATTTTATCAAACTTAACATTTAATAAGAATCAAAATATTAG	comp_94_SV_2_pheno1
34	1280pt3350_1	2075150	2075210	0.00289026	157	AGTTAAATCAGTTTTAGAATCAAATAGAGGTATTAC	comp_94_SV_3_pheno1
35	1280pt3350_1	1317199	1317236	6.68447e-06	213	TTTATTTTCAGTGCCGATTTCAATACTAACAGCATAAA	comp_123_SV_0_pheno1
36	1280pt3350_1	1403842	1403902	2.01022e-08	249	GAACATGTACAACACTTGCTAAATATTCTAAGTTAACTTGGTGAACTATTCCAGTTGCAGG	comp_205_SV_0_pheno1
37	1280pt3350_1	108187	108219	6.933329e-06	171	AAGACTTGATAAAAAGCATTTTGTTGAGCTTCA	comp_277_SV_1_pheno1
38	1280pt3350_1	1599214	1599245	0.007213222	46	GTCCTTATGACGAAGATTAAATAATAAAAAACAAAGAAGCCCCCTAATATATCTAT	comp_147_SV_0_pheno1
39	1280pt3350_1	1599110	1599165	0.02553534	243	AATTTAGTTCGATAACACATGCTTCATATGGA	comp_147_SV_1_pheno1
40	1280pt3350_1	1118740	1118779	0.0123776	261	ATTTTTGACATATTATGCTAAAAAAGCAAAT	comp_291_SV_0_pheno1
41	1280pt3350_1	1118731	1118761	0.01707267	239	ATTATATGCTGGTTCGTCATTTGCTTTTTTAGCATAATAT	comp_291_SV_1_pheno1
42	1280pt3350_1	1281235	1281276	0.001478103	226	AATTCTTTTCTCATTATTAAAATCTATAACCTGTTAATTATA	comp_247_SV_0_pheno1
43	1280pt3350_1	1548073	1548106	0.004415608	250	ATATCGTTGAGAACAATTGCTCATTTAACTCATGA	comp_76_SV_0_pheno1
44	1280pt3350_1	2731818	2731862	7.56318e-05	223	TCATTTAAAAGATACTTTAGAAGACGTACTAGGTATAGATGATAT	comp_199_SV_0_pheno1
45	1280pt3350_1	418889	418922	4.751613e-06	261	AATGCCTCAACTGCTTGTGTCATAATCCCATGAC	comp_28_SV_1_pheno1
46	1280pt3350_1	693013	693046	0.003684265	55	TAAGGCACAACTGCATAAAAGCCTCTAATCACTA	comp_164_SV_4_pheno1
47	1280pt3350_1	2739950	2739994	0.001368154	261	GATAGCGCCGCCAATCATACCAGGAACAAGACCGGGCTTGTCAGC	comp_251_SV_0_pheno1
48	1280pt3350_1	1903719	1903752	0.007213222	46	AACTTTTTTCTTACTACCTAAGGCAACTAAAAAA	comp_51_SV_0_pheno1
49	1280pt3350_1	1928483	1928540	0.013928030000000001	187	GTAATTACGGAATTCACTCGCATCCATGTTCCCTCTTAAATCATTCGCAATCGACCAT	comp_77_SV_4_pheno1
50	1280pt3350_1	1584772	1584828	2.839181e-05	155	AATGATTATCGAAGAGCATGGTGGTTCCATAGATGTTAAAAGCGAATTAGGGAAAGG	comp_187_SV_0_pheno1
51	1280pt3350_1	144121	144158	0.00200570292	138	TGCATTCATACCTTTCGACATATCTTCATATGCTCCACGTCG	comp_56_SV_0_pheno1
52	1280pt3350_1	144098	144139	7.336849500000001e-05	257	GTCGAAAGGTATGAATGCAGAAGAAAAAAGTTCTACTG	comp_56_SV_1_pheno1
53	1280pt3350_1	2557999	2558039	0.001034081	196	ATAATGGCATGAATGAACGCATGCTGTCTTAG	comp_186_SV_0_pheno1
54	1280pt3350_1	1059494	1059537	0.006957551	72	TTATAAACGTATAGATCAATTCGCTAAAAATGAGAACGTAGCAA	comp_38_SV_0_pheno1
55	1280pt3350_1	1337500	1337543	4.073114e-12	142	ATCAATTAATGCAATCCCGCTTACCTGAAATC	comp_250_SV_1_pheno1
56	1280pt3350_1	902669	902705	0.003291065	253	TTAATGCTTTGATTTTCTTATCATCTTGATGTCCTTC	comp_139_SV_0_pheno1
57	1280pt3350_1	298918	298948	0.005671387	244	CGATTTTCGCTGTTATGATTGGTAGCTTTAC	comp_104_SV_0_pheno1
58	1280pt3350_1	1540	1570	0.01210186	247	TGCTGTGGATTGGTGGATAAGTCTTAAAAAC	comp_287_SV_0_pheno1
59	1280pt3350_1	2490822	2490858	0.00821758	201	TAGTAATTAACTTTTAACGAACAGTTAATTCGAAAACGCTTACAAAT	comp_293_SV_1_pheno1
60	1280pt3350_1	1706357	1706402	0.01832263	266	AGATGCATTTAATGGTAAGATTTCAAATGAATCACCAATGGCTAAA	comp_181_SV_0_pheno1
61	1280pt3350_1	2320481	2320517	0.01186877	264	CAACTAGGACAAATAGAATCATTAGGAAAAATAAAAT	comp_208_SV_0_pheno1
62	1280pt3350_1	2123601	2123661	0.008904012499999999	162	ATTGCCTAATATCGATAAATTTGTGGACGGTGCATCTGTAGCTAGAGTTGGCGATATTACA	comp_221_SV_0_pheno1
63	1280pt3350_1	424525	424556	1.196337e-05	223	CGTACATCAATCAGAAGATGATATCGTTACGTCATCTGT	comp_81_SV_0_pheno1
64	1280pt3350_1	879132	879171	0.0006100425	239	AACAACTACCCTCTTAAATCAATTTTTAGATAAACTGCAA	comp_171_SV_1_pheno1
65	1280pt3350_1	879146	879176	4.149078e-05	187	AAAATTGATTTAAGAGGGTAGTTGTTTATTG	comp_171_SV_2_pheno1
66	1280pt3350_1	1199536	1199584	1.4191436999999999e-05	260	GAAAACCAACAGCCTTTGAAAACAACAAATGTTGATGAATTAAAACGAT	comp_109_SV_0_pheno1
67	1280pt3350_1	1015669	1015703	2.283039e-08	228	ATCGATAGATAAAGAAACAGGTAAGAAGAAAAAA	comp_177_SV_0_pheno1
68	1280pt3350_1	1745992	1746036	9.006443e-06	213	CTACTCAACTATTGCATCTTACCATTGACGACGTTTCATGTCAAT	comp_173_SV_0_pheno1
69	1280pt3350_1	2291273	2291440	2.556754e-08	192	GCCACTTTAGCATTGGGATTATTATCAACGGTCGGAGCTGCATTACCGTTGATAATAATCCCAATGCTAAAGTGGCACTGCCACTTTAGCATTGGGATTATTATCAACAGTAGGTGCAGCTTTACCGAGTCATGAAGCATCTGCAGATAGTAATAACGGTTATAAGGAATTGACAATGGATGGGAAACACACTGTACCTTACACGATCTCAGTAGATGGTATTACTGCATTACATCGAACTTACTTT	comp_5_cycle2
70	1280pt3350_1	2291480	2291519	0.002497159	169	AAAATACTACTAATTACATCCTGTGACTAATA	comp_5_SV_27_pheno1
71	1280pt3350_1	478675	478708	0.008439925	209	TGTAAAAGTGCTATTTTATTGTGCTTTATACCAAGTCGA	comp_5_SV_28_pheno1
72	1280pt3350_1	1984931	1984968	0.001448397	63	GACTAGGACATAAATCAATGCTCTAGAATCCAAAAA	comp_5_SV_30_pheno1
73	1280pt3350_1	2297933	2297983	1.107196e-08	90	GCAACTTATACACTTACTTTGAATGATGGTAATAAA	comp_5_SV_31_pheno1
74	1280pt3350_1	862897	862932	5.458389e-07	265	GATTTAATTGAAATAAGTTTTAAAAATTGGAGG	comp_5_SV_32_pheno1
75	1280pt3350_1	2133383	2133415	4.373594e-05	213	TTTTTGAAATTCTCTATGTTGGGGCCCCGCC	comp_5_SV_34_pheno1
76	1280pt3350_1	711368	711398	2.186024e-06	244	TCTCTATGTTGGGGCCCCGCCAACTTGCACA	comp_5_SV_35_pheno1
77	1280pt3350_1	1985059	1985089	0.01637741	34	AGATAAAGTCCGTATAATTGTGTAAAAGTAA	comp_5_SV_36_pheno1
78	1280pt3350_1	1858113	1858144	6.680533e-08	108	TTTTCCATCAGTCCGATTTATTATAGAACCTT	comp_5_SV_37_pheno1
79	1280pt3350_1	2337521	2337552	0.002447148	244	TCTTCACTTAAATTATTAATACTATATCGCGAC	comp_5_SV_38_pheno1
80	1280pt3350_1	478572	478609	5.222854e-08	165	GTCCGATTTTTTGATTTTGAATATAAAAAAAGCG	comp_5_SV_40_pheno1
81	1280pt3350_1	1985139	1985191	0.002851132	203	TTTTAAAGCATTAAATAAAAATGCTGTTTTGCCCATACC	comp_5_SV_41_pheno1
82	1280pt3350_1	1926377	1926407	1.182573e-08	209	CAAACTCGACCGACAAATTGAATTAGAAGAA	comp_5_SV_42_pheno1
83	1280pt3350_1	862832	862868	1.890823e-08	245	TGATAATAATCCCAATGCTAAAGTGGCAGTAACAAATGAT	comp_5_SV_43_pheno1
84	1280pt3350_1	2337416	2337446	0.0008383286	239	ATTCTAAATAAACAAAAAAAGAAGCCCTCATTAATGGG	comp_5_SV_45_pheno1
85	1280pt3350_1	1190531	1190561	0.001516813	126	AGTTGGCGGGGCCCCAACACAGAAGCTGACA	comp_5_SV_46_pheno1
86	1280pt3350_1	806029	806062	0.006570912	159	ATCATTATCATTAATGTAATACCAAAAAAAG	comp_5_SV_47_pheno1
87	1280pt3350_1	818521	818552	0.003107222	202	ATCGTCAGATTTTAAAGCATTAAATAAAAATGCT	comp_5_SV_48_pheno1
88	1280pt3350_1	2337580	2337610	0.0006270458	46	TGACTTTAATTGAAAAAAGCTTGTTACAAGTGCATTT	comp_5_SV_49_pheno1
89	1280pt3350_1	2021328	2021358	3.02085e-05	33	AATGTTTATTTGATTTGTCGCTGCAATATAGTTTTTATTATTTGTTTATTTCAGATGTTTC	comp_5_SV_50_pheno1
90	1280pt3350_1	2021230	2021260	0.02321542	49	TCACGATTCTGAAATAATAGAAATAAACTATGAATATACAACATTAAAAAA	comp_5_SV_51_pheno1
91	1280pt3350_1	2816528	2816558	2.141278e-08	195	TATTTGAGATTTAATTGAAATAAGTTTTAAA	comp_5_SV_52_pheno1
92	1280pt3350_1	2291587	2291617	1.884268e-09	74	CAAGAATTGCGATTCAAAGATGAGAATGGTGAAGA	comp_5_SV_53_pheno1
93	1280pt3350_1	2291260	2291299	0.0002128475	175	TTCTCTATGTTGGGGCCCCGCCAACCTGCAC	comp_5_SV_54_pheno1
94	1280pt3350_1	711375	711407	0.003507336	120	CACCCCAACTTGCATTGTCTGTTGAAATTGG	comp_5_SV_56_pheno1
95	1280pt3350_1	2291032	2291070	1.216723e-11	181	CTTCGTAGAGCATAGAACATTGATTTATGTA	comp_5_SV_57_pheno1
96	1280pt3350_1	806015	806053	4.635233e-08	250	AAAAGTAGTGAATCTAAAGAAAAATGACGAC	comp_5_SV_60_pheno1
97	1280pt3350_1	645216	645270	1.8806105e-05	232	AACAAGTAACATGGAAGGTTTCTCTTTAGCGCTACTTGAATCTTTAGCACATGGT	comp_180_SV_0_pheno1
98	1280pt3350_1	931328	931372	0.01578963	64	TATATGGCAGAACATCGGCCACGACTTAATCATCCTTCTTTATAT	comp_241_SV_0_pheno1
99	1280pt3350_1	2035372	2035425	0.007820394	164	GCGCTGGATAAAGAAAATGCAATCAAAAAAGCGCAAGAATTGGATGAATTACAA	comp_229_SV_0_pheno1
100	1280pt3350_1	1513394	1513433	2.622848e-05	133	TATAACAGTGCAGTTTCAAGTGCCGAAACAAT	comp_156_SV_0_pheno1
101	1280pt3350_1	1220363	1220413	1.12514635e-07	254	CTGATCAACATCTTCTAAAGCAATACCATGTTTAGAAGCTTCTCCCGAAAC	comp_230_SV_0_pheno1
102	1280pt3350_1	1867301	1867333	5.115937e-09	241	TGCAGCTGGACCACTGATACCAAAATGAGTAAA	comp_68_SV_0_pheno1
103	1280pt3350_1	1147451	1147492	0.02583145	120	TTTAGACGATGGTGTTACTTTTACGATATCACCAAATAAGAAA	comp_154_SV_0_pheno1
104	1280pt3350_1	1047157	1047207	0.00107637178	238	TAGTGGTGCATTTGAACGTGGTATGGATGTTACTTTGCAACGTACTAATAA	comp_101_SV_0_pheno1
105	1280pt3350_1	728112	728145	3.311442e-05	266	TTGCCATAGGTTATAAATTTTTGAGTAAGAGAAG	comp_188_SV_0_pheno1
106	1280pt3350_1	382338	382379	0.0001655495	115	AAAGCTTAAGAATAGTAACCAAGCTACTACT	comp_54_SV_0_pheno1
107	1280pt3350_1	326544	326574	1.650663e-05	151	ACTTTATTAATTTCATATTCCGTTTCTGGTA	comp_113_SV_6_pheno1
108	1280pt3350_1	330789	330819	0.0002334183	172	GAGGTGAAGTATTCTTTAATTATACTAAACCA	comp_113_SV_7_pheno1
109	1280pt3350_1	330323	330354	0.0001072384	166	AAATTTTTTGTACATATAATAATTTTCACGGCC	comp_113_SV_8_pheno1
110	1280pt3350_1	323203	323233	8.086716e-09	69	GAAAGTATCATTTGATTATATAGATTGGATAAAT	comp_113_SV_9_pheno1
111	1280pt3350_1	327310	327345	6.005896e-09	233	TATAACCCCAAATTTTTTGTACATATAATAATTTT	comp_113_SV_10_pheno1
112	1280pt3350_1	325978	326008	6.525592e-06	134	ATGACTTTCGAAGAGAAAATAAGCAAATTATATAATGAG	comp_113_SV_11_pheno1
113	1280pt3350_1	326333	326364	8.086716e-09	69	ATCTATATAATCAAATGATACTTTCAATTTACCCTCTCTTGTAAA	comp_113_SV_12_pheno1
114	1280pt3350_1	326196	326226	2.408819e-09	70	AATGATACCAGTAGAGTGGGAAAAGGTATAT	comp_113_SV_13_pheno1
115	1280pt3350_1	330440	330478	0.0001668036	76	TCCATTTCATATTCCATTTCTGGTATAATTCC	comp_113_SV_14_pheno1
116	1280pt3350_1	207246	207306	6.6522375e-05	212	CGTTGATTGTATTCGGGACTTTTATAGAGTAGGTAGTAGTACATAAAGAGTATGGCTGCGA	comp_149_SV_0_pheno1
117	1280pt3350_1	301394	301446	8.71104e-05	137	TCCAAAAAATGCAAATGCCAATGGAAGCGGCCAAACATATGTGAATCCAGCAA	comp_238_SV_1_pheno1
118	1280pt3350_1	1341484	1341568	9.1349255e-06	170	TAGTTTACCAATCATTTCTTTAGGCGCTTTGAAATTAACTAGCTTATTTTTATCAGTGTAGCCAGCAAGAACCTGATCATCTTTT	comp_259_cycle0
119	1280pt3350_1	477911	477948	3.646447e-05	120	TGATCTAAATCAATCGGTGCTTCTTCTTCGAATGTATC	comp_42_SV_2_pheno1
120	1280pt3350_1	1366694	1366729	0.0231003	249	AAAAATATTTAAAGTTAAAGATATGATACCA	comp_22_SV_0_pheno1
121	1280pt3350_1	92816	92846	5.636268e-12	208	CAAATCGAGTTTCGCATGCTCAATTCGCGTC	comp_189_SV_0_pheno1
122	1280pt3350_1	2360805	2360843	2.461587e-05	222	TATTGAAAGGAAGAGATCAAAGGGATCAACGTAAATTGAC	comp_25_SV_0_pheno1
123	1280pt3350_1	2360826	2360865	2.622848e-05	247	GGATCAACGTAAATTGACTATTTCGATTAATAAAATGCA	comp_25_SV_1_pheno1
124	1280pt3350_1	777477	777522	0.01878466	233	AGGTGTTGAAATGGCTAAAAATAAGAAAACGAACGCGATGCGTATG	comp_260_SV_0_pheno1
125	1280pt3350_1	695854	695891	0.012277469499999999	220	TCCATAATTTTCTCCTTTATTATCATTTTTTATTGGTA	comp_174_SV_0_pheno1
126	1280pt3350_1	1063571	1063625	0.01149853	140	GCCTACATTAGAAAAAGTAAATCTGAAAAAGTGATTGATTTCTTTAAAGATAATA	comp_185_SV_0_pheno1
127	1280pt3350_1	1215862	1215903	0.01268569	144	ATTCAAGGATGTATACGTTTAGTAAAAAAAATGCT	comp_152_SV_0_pheno1
128	1280pt3350_1	2453547	2453577	2.344046e-06	167	CTTTTATGCATGCGCTAAAGCGCAGGCGAAC	comp_134_SV_0_pheno1
129	1280pt3350_1	2717314	2717386	0.01326895	193	TAATAACTAATCCTATGACAATCCATATTTTAAAAAAGGCACCAAACGTCGTATCTTGTTGTAATGCAATAAA	comp_79_cycle0
130	1280pt3350_1	1127146	1127178	0.0006764726	265	CCAACAGCTTCAAATGAATCAGCTGCTTCAGCT	comp_95_SV_0_pheno1
131	1280pt3350_1	2258673	2258716	0.01869326	215	AGAAAAAGAAGGCGAAAAACGTCTTGCTGAGCATGATAAATTAA	comp_111_SV_0_pheno1
132	1280pt3350_1	2258725	2258757	0.03028369	99	AATATTAATTCGTTCAAAACAATTGCTAAAGCT	comp_111_SV_1_pheno1
133	1280pt3350_1	2549904	2549965	0.0006577194105	162	AGTTGTTGCCCATACAATACGCACCAAAAAAGCTTTGTACAATTTCGTACAAAGCTTTAAAA	comp_10_cycle2
134	1280pt3350_1	1667171	1667253	1.1569180500000001e-07	116	TTATAAATTATATAGCCACCACATATGGTGGAAAGTCTTTTTAATTAGAATTTTGTTTTTTCAGTTAAGAAAGCTTCTAACTC	comp_10_cycle3
135	1280pt3350_1	1901802	1901857	0.03619044	117	CAACTGATGAAAAGGTTAGATGAATTGTCAGGGCTTGGGACATTAAGTTCTTAGGC	comp_10_SV_7_pheno1
136	1280pt3350_1	1465048	1465079	0.023636245	50	TTACACGTGTCGTAGGATGCGTGTTTTTTTTATTCAATATTAAATC	comp_10_SV_8_pheno1
137	1280pt3350_1	2048443	2048477	2.497369e-05	213	ACTCAAACTTTGAATAGCCTTTCCTCTTCAAA	comp_10_SV_9_pheno1
138	1280pt3350_1	1791996	1792026	0.001574659	147	CTAAAAATTTATAGGCAATTTTATTACAACA	comp_10_SV_10_pheno1
139	1280pt3350_1	1907894	1907931	0.00854156	257	ATACAAAAATATAGCTATTACTATAAAAAACAGCAGTAAGATATT	comp_10_SV_12_pheno1
140	1280pt3350_1	1088557	1088594	0.002168204	152	AAAAAAGCTGATTTCTATAAATTATTTGATAGAAATCAGCTTTTTTCAAATGTATTTG	comp_10_SV_13_pheno1
141	1280pt3350_1	1449355	1449409	0.0235318	76	CCTTTATTGCATTTGTAATTTATAGAACTGC	comp_10_SV_14_pheno1
142	1280pt3350_1	1951799	1951829	0.000128645415	55	ATAATGACACACTAATTTAATTGTTAAATACAACAAAAAAGAGTAGCTCGCCTACTCTTTT	comp_10_SV_15_pheno1
143	1280pt3350_1	963756	963786	0.005192012	249	TATAAACAACATTTTAATAATGTAAAGTTTAACCAGCT	comp_10_SV_17_pheno1
144	1280pt3350_1	2550193	2550233	1.1530569999999999e-06	154	CTTTGATTTTGAACATGAAGTATTTGATGAATTGTATCTTG	comp_10_SV_18_pheno1
145	1280pt3350_1	1093084	1093123	0.00348826	155	AGCCTATTCGTTTGAATTATTTAATTTTTTACTTTGAAAGGAATGTTTAAAAAAC	comp_10_SV_19_pheno1
146	1280pt3350_1	2081381	2081438	0.006738367	63	CTATTGGATGGAAAATATATCTAGAAAAAATTTCTCTTCGAGATAGACAAGAAT	comp_10_SV_20_pheno1
147	1280pt3350_1	1088523	1088560	0.003268536	145	AAAACATGTTCGTTTGCTACCATTTTATTTGCAGTATAGT	comp_10_SV_21_pheno1
148	1280pt3350_1	1920970	1921023	0.008049491	193	TGAAGGAAAATAAAAACCAGCTAACAAAAGTGTTAGCT	comp_10_SV_22_pheno1
149	1280pt3350_1	2597828	2597874	0.0091791	47	CATTTGGAATATCAATAAAAAAGATAATCAAAAATAATACGATAGAT	comp_148_SV_0_pheno1
150	1280pt3350_1	644477	644512	0.0001547999	248	ACAACTTGTAGAAGATTATCATTTATCGGAACATGT	comp_116_SV_1_pheno1
151	1280pt3350_1	1004139	1004187	0.0001272869	219	ACAATTAGAAATATTAATGGCGTCTTATGGCATT	comp_47_SV_0_pheno1
152	1280pt3350_1	2219404	2219438	1.16850825e-05	218	GCGCCGTATTAGTTGAAACTAATAAATTAGGTCAT	comp_63_SV_0_pheno1
153	1280pt3350_1	842775	842818	0.0001011297	104	CAGCAAAGGAATGACAGCAAGATGAAAAAAACTCTTAC	comp_44_SV_1_pheno1
154	1280pt3350_1	2089388	2089445	3.642704e-05	252	CATTTTATCTGAATCAGTAACCATATACGGTGATTGATAACCACGATCAAATTGCATA	comp_21_SV_0_pheno1
155	1280pt3350_1	814600	814632	4.279193e-08	242	AACACTACATATAGTGATTTTTATACATTCAAC	comp_39_SV_0_pheno1
156	1280pt3350_1	1917352	1917385	1.618419e-05	115	AACTATAGGTGTAAACATTATTAAAATAAAA	comp_296_SV_2_pheno1
157	1280pt3350_1	2501349	2501399	0.001410805	220	TCTTTCTAATAATTGAATCGCAAAAAATGATAGTAATACGCCAATGCATGC	comp_23_SV_0_pheno1
158	1280pt3350_1	2691974	2692004	9.264677e-06	171	GATCAATCACTAACGGATAATATTTAATACGTCCTGAT	comp_232_SV_0_pheno1
159	1280pt3350_1	131883	131933	5.5818029999999995e-06	240	TCAAATGTATTAATCATTATGATTGCGACCGTTAAAATATTAAATGCGTTA	comp_179_SV_0_pheno1
160	1280pt3350_1	363902	363941	0.02050692	48	CAAGATAAATCATTCTTATACTGGTCAACTGT	comp_233_SV_1_pheno1
161	1280pt3350_1	2753882	2753914	8.629154e-06	191	CACCTTTTCCTCATTTACAAACATTTCAAATAC	comp_175_SV_0_pheno1
162	1280pt3350_1	2458558	2458588	0.0006842539	187	ATTAAAATGATGGCGAATAAGTGTCTAAAAG	comp_246_SV_0_pheno1
163	1280pt3350_1	2386102	2386168	4.179469997999999e-06	231	CCATTTACAGAATCTTCAATAGCCAAACATTGTGTCGGCATATAATTTAATTGTTGTACTGCAGATA	comp_203_cycle0
164	1280pt3350_1	1352732	1352777	0.01077329	160	CTAATGTATCTCGTATAAAAAAACTGATGCCCTTAAAACAGGA	comp_168_SV_0_pheno1
165	1280pt3350_1	1430088	1430124	0.03534869	259	GTTAATGCTAAATTGATTGGTGTAAATAACAGGGAC	comp_136_SV_0_pheno1
166	1280pt3350_1	1587648	1587688	0.02513084	123	GATATCAAATTAAGAAAAAATATGTTGCGAAA	comp_217_SV_0_pheno1
167	1280pt3350_1	277577	277618	0.0285082	186	TACTCAAAATTACCAAGATGGCTTTAAAAAAGAAAGCCAACG	comp_212_SV_1_pheno1
168	1280pt3350_1	2471661	2471708	8.9301565e-12	155	TTCATCTTCATGATCATGTGGATAAACCATGTTTAAATAATAGTTGAT	comp_284_SV_0_pheno1
169	1280pt3350_1	1436751	1436782	8.57703e-06	201	CAAAAATCGCGTTCTCAGCGTCAAGTTGTGCAGCATAA	comp_242_SV_0_pheno1
170	1280pt3350_1	1436774	1436811	0.0004462900995	240	GCAGCATAATTCCAATCATCATCAATAATATA	comp_242_SV_1_pheno1
171	1280pt3350_1	944146	944190	5.351111e-08	248	ATTTTCACCAGGCGCTTCTTCTGCACCCATACCGTATGTTAAACC	comp_184_SV_0_pheno1
172	1280pt3350_1	944167	944206	1.3446400250000001e-05	260	ATTCTAAGACTTCATCATTTTCACCAGGCGCTTCTTCTGC	comp_184_SV_1_pheno1
173	1280pt3350_1	1777340	1777371	0.006418157	239	TAAAAAACATTATATCGTTACTTATTAAGTAA	comp_35_SV_0_pheno1
174	1280pt3350_1	2354639	2354679	0.007825898	218	AGATAACGGTGCTGAAAACGTGAATAAAAAAGGAGGAAAAA	comp_254_SV_1_pheno1
175	1280pt3350_1	1249033	1249093	1.37716285e-05	189	ATTCATACTCTTTAATATATTTACTTAAAACAACAAAATGTGCGTTACCAAAATCACTAGA	comp_46_SV_0_pheno1
176	1280pt3350_1	2412207	2412255	0.003835192	111	TTTTAAAAAATTAACGTGATTAACGATAGCCTTAC	comp_19_SV_1_pheno1
177	1280pt3350_1	2412200	2412234	0.003576437	108	TATCGTTAATCACGTTAATTTTTTAAAACGTATTTGTATACCAGCACCA	comp_19_SV_2_pheno1
178	1280pt3350_1	1371763	1371792	0.01157581	52	TTTGAATCAATTTAATCACCTCTATTTTTTC	comp_162_SV_0_pheno1
179	1280pt3350_1	665804	665854	0.005192012	249	GGGTCTGCTAAATCAGACGACGTGACAAAAGTTCAAGAAGCTGTCAAATTA	comp_176_SV_0_pheno1
180	1280pt3350_1	1079051	1079100	0.01103103	222	TGCAAAAAATATCATATAAGGTACTATCAAACGTTTTGAAATTTTTTCTA	comp_78_SV_0_pheno1
181	1280pt3350_1	1321278	1321329	1.323627e-07	196	AGCAATATTTAAAACTTGCTGAATACGTATAAAGTTCGAAGCATAACATGAA	comp_89_SV_1_pheno1
182	1280pt3350_1	1836665	1836724	0.00328172	156	CAAATTGAATCTATTTTTAGCACAGCAAAAAACCGAACTGCTGAAATAATGCATCTCCAA	comp_32_cycle0
183	1280pt3350_1	1420207	1420245	0.02045841	93	TTCTTTATAGAAACCAAAAAATCCAAGCGCATCAGGCATAACTGTA	comp_32_SV_0_pheno1
184	1280pt3350_1	1420190	1420235	0.03062543	264	TTATAAATCATTCTTTATAGAAACCAAAAAATCCAAGCG	comp_32_SV_1_pheno1
185	1280pt3350_1	1154058	1154089	0.0007066155	186	ACTACAGCGAAATGTGTGGTTAATCATATAGTG	comp_200_SV_1_pheno1
186	1280pt3350_1	1154038	1154078	0.0451916	150	GCTTAACAAATTCATAGTTCTGACTACAGCGAAATGTGTGG	comp_200_SV_2_pheno1
187	1280pt3350_1	422242	422273	0.002103717	121	ATTGATCATTTGCAGACGTATTACTTTTTTTATCGACATGATCAATATTTGATTT	comp_166_SV_1_pheno1
188	1280pt3350_1	2112702	2112757	0.006395818	223	TTAACATCATTAAATCATATAGGGGTAAAAATTTAAAATTGCATCATATGGATTGT	comp_213_SV_0_pheno1
189	1280pt3350_1	1238471	1238510	0.001425839	254	TTATTCGTAAAAGTAGGTATGGAACTTTTTTATCAAGAAG	comp_261_SV_0_pheno1
190	1280pt3350_1	1423658	1423718	1.968255e-05	168	TACGAATCACAGTTATATATTACTTAAACCGTATAGTCATTACATTTTATGTCCAGCCATT	comp_263_SV_0_pheno1
191	1280pt3350_1	816569	816603	0.015715009	185	TTTATTTTTTGCTAGGTAACCGTGTAAATTCATCA	comp_144_SV_0_pheno1
192	1280pt3350_1	706204	706238	0.00075659145	244	TGATTTTACCAATGTTATTACCATTCCTTTGTGCC	comp_215_SV_0_pheno1
193	1280pt3350_1	1889338	1889380	0.0026347519999999998	204	TTGGTCTTCAATACTTAAGCTATTCCATATCCAATTTAAATTC	comp_74_SV_0_pheno1
194	1280pt3350_1	1889361	1889398	0.0020497025	248	TCCATATCCAATTTAAATTCTCTTTCAAATGTTCAATC	comp_74_SV_1_pheno1
195	1280pt3350_1	1852157	1852193	3.251234e-05	232	ATAATTGTATGGACTTTCATCTACATGAGTGTCAT	comp_228_SV_0_pheno1
196	1280pt3350_1	292886	292928	4.239489e-08	243	AATACAACAAGGGGCATTTTCACAAGATAAACAAGTGTTAGAA	comp_225_SV_0_pheno1
197	1280pt3350_1	2232075	2232108	0.001616438	260	AAACAAGATATTATCCAAGCAGTTACAACTCGTAAACAACAAATTAAAAAGTCAA	comp_105_SV_0_pheno1
198	1280pt3350_1	2166384	2166414	0.01117912	231	AAAAAACATTCAAAGATTATGCCAACACATT	comp_1_SV_0_pheno1
199	1280pt3350_1	2421961	2422059	0.013910376666666667	215	TGCTAAATTCATAGGTCTATGAATAGCTCAAGTTTTGTTTTTTAATTTTTCAATTCAATATAATAGAAGAAACTATGTTTATCATCGATTTGTTTTAAA	comp_275_cycle0
200	1280pt3350_1	1429651	1429688	0.01346879	194	TTTATAAAAGATTTTTTATTCTGAATCTTCACACTTTT	comp_146_SV_0_pheno1
201	1280pt3350_1	519589	519619	0.007054893	213	TATTTCACAAAACAAAAAAGACATTTAGCTATGTATAT	comp_84_SV_0_pheno1
202	1280pt3350_1	871674	871706	0.0005744813	193	TCAAAAAAGAAAGGTTTTGGTAATTTTATCTGCAT	comp_236_SV_0_pheno1
203	1280pt3350_1	71160	71220	0.0048133323499999995	124	CCACTTAATGTACTGAAAAAGACTTGGCTAGAAGTAAGACCTGATGCGATATATGCGCTAT	comp_220_SV_0_pheno1
204	1280pt3350_1	1724150	1724192	0.002356109	49	ACCTGATAAACTAAAAAACAAAATTTATTACGAACCAAAAACG	comp_167_SV_0_pheno1
205	1280pt3350_1	2019326	2019419	0.0109722425	208	TACTTATTGTGCGTTATTTAATACACAAGTTTAAACCAAAAAAAGTAGTTGCGACGGATGAGGTTATGACTTCACCATCTTTTATTAAACAAAA	comp_158_cycle0
206	1280pt3350_1	1158260	1158307	0.00912275	152	TATTACCTAGAAAACGTAAAAACTAATAAATCGTCTTTATATTTAATT	comp_64_SV_0_pheno1
207	1280pt3350_1	696088	696134	1.3540864999999999e-05	218	TATAAATATTTAAGTAATTCAACAATGTCATCAGAAAAATCTTTTAT	comp_269_SV_1_pheno1
208	1280pt3350_1	505280	505318	6.089644e-06	240	AAGTCATTTATAATCGGTTGTGTCACCTGAGTTTCCTCGACGAA	comp_222_SV_0_pheno1
209	1280pt3350_1	223317	223369	5.1132885e-05	229	AAGTTTTACCTGCAATTGAAATAGCATCAATATATGCTTTAACTACAGGTGGG	comp_182_SV_1_pheno1
210	1280pt3350_1	217906	217966	3.871582e-05	189	TAAATGCTAAAACGACGAACATAATACAAACACCA	comp_252_SV_0_pheno1
211	1280pt3350_1	217873	217907	4.8019410000000004e-05	245	TAATTTTATAGGTGATGCAGTGCGTGATGCACTAGATCCAAGAATTCATTAAAAAGGTAGG	comp_252_SV_1_pheno1
212	1280pt3350_1	457771	457802	0.002239877	261	CTTTTTCTAATTCATCAAACGCTAGATCATAA	comp_98_SV_0_pheno1
213	1280pt3350_1	2036621	2036681	7.299803e-06	266	CGATAAAAATAATGTGTTAAAGATTATTTCTGGATTGATTATCGTAGTATTCTTTACATTA	comp_72_SV_0_pheno1
214	1280pt3350_1	475391	475428	0.0009764594	184	AACCTGAACATTAAAATATATTTGTTTTTCATT	comp_30_SV_0_pheno1
215	1280pt3350_1	1280002	1280044	0.018609245	174	ATCATTATTTTTTCTTTAGCGATGGATTTTATATTACG	comp_249_SV_0_pheno1
216	1280pt3350_1	1279989	1280026	0.02948494	240	TTTTGACACCACTTGATTATCATTATTTTTTCTTTAGCGATGG	comp_249_SV_1_pheno1
217	1280pt3350_1	2458336	2458378	0.02182298	119	GTTTCACCTTCATCAAAATCATTTATTTTTTAATAGATATCAA	comp_274_SV_0_pheno1
218	1280pt3350_1	1602361	1602400	2.9319075e-05	244	GGACAGAAACTTTAGAATTTGTTGTTGTAAGTGAAACACC	comp_135_SV_0_pheno1
219	1280pt3350_1	688555	688614	3.542647e-05	156	TCTCCAATTTTTAATGATTCTACATCTTCCGCAACTTCGATGACTTTACCAATACCTTCA	comp_258_SV_0_pheno1
220	1280pt3350_1	1683435	1683465	0.00671906	256	TAACTCATCAGGATTTGCTTCAAATGTATACTC	comp_80_SV_0_pheno1
221	1280pt3350_1	621381	621411	0.005192012	249	ATTACACCAGTAATTATTGGTGATGAAAAAA	comp_29_SV_0_pheno1
222	1280pt3350_1	1578958	1578988	0.00300305	79	GAAGTTATCCATAAAAAATTGTTCGCCTCGC	comp_48_SV_4_pheno1
223	1280pt3350_1	1506136	1506169	0.003459841	64	AAAGACGGTGTCGAAACTGCGTTAGAAAATGTACAACGTGCTAAAAACGAA	comp_129_SV_0_pheno1
224	1280pt3350_1	595276	595312	6.879446e-05	239	TAATTTCATTGTTTAATCATAACATAATTCCCTGGGT	comp_115_SV_0_pheno1
225	1280pt3350_1	2168980	2169013	0.001345765	113	AAACATGAGAGGGGGGAAGGAATTGATAAAGAAC	comp_115_SV_1_pheno1
226	1280pt3350_1	899320	899370	2.430334e-05	249	AAAGTGATAATTGTTGAAGGAAAATCTGATAAAAAAAGGGTGCAACAGGTT	comp_196_SV_0_pheno1
227	1280pt3350_1	2235833	2235893	3.8349295e-08	234	CTCTCCTTTAATTTAGCTATTTATTTTACATTTATATAAGCCTTCGTTTCACTTGGTTGTG	comp_128_SV_0_pheno1
228	1280pt3350_1	881954	881984	3.522016e-09	96	CTGTCTGAGTCAGAATCGCTATCTGAATCCGA	comp_265_SV_2_pheno1
229	1280pt3350_1	634297	634335	0.04553389	45	TCAGACAGCGATTCAGAATCAGATAGCGACTCAGA	comp_265_SV_3_pheno1
230	1280pt3350_1	2724945	2724977	0.02206931	60	CGACTCAGACTCAGACAGCGATTCAGACTCGGATAGCGA	comp_265_SV_4_pheno1
231	1280pt3350_1	2724999	2725033	0.0006999294	67	AGATAGCGATTCAGATTCAGATAGCGATTCGGA	comp_265_SV_5_pheno1
232	1280pt3350_1	2535154	2535188	2.2530755e-08	246	TGTTACCATAAAACCAACTTCATCCATATGACCAG	comp_26_SV_0_pheno1
233	1280pt3350_1	2157604	2157650	0.007441869	240	TTTATTGCGAAACGGGCGTAAGCCTTTTTTACGCAGTCCACGAGAAC	comp_142_SV_0_pheno1
234	1280pt3350_1	513679	513731	0.001474196	113	AATCATCCGATAAATCTGTATATAGTTTTTTAATTTGGTCTGATCGTAACCAA	comp_299_SV_1_pheno1
235	1280pt3350_1	2551669	2551711	2.628341e-12	265	AAACATCAACAAAAGGGGTCTATCGTCAATCGTTTCTTGAATA	comp_13_SV_1_pheno1
236	1280pt3350_1	272339	272371	2.284368e-05	245	GAATTTCTCAAGATTTTCTTCTTTTGAATTGAT	comp_262_SV_0_pheno1
237	1280pt3350_1	1842720	1842808	1.1908542149999998e-10	241	GGTAAAACTACATTTGGTTCTTCTATCTTTTCATCGTTCATATATTTTGTTAATAAGCGCATCCCTACTGCACCGATATCATATAATGG	comp_226_cycle0
238	1280pt3350_1	1199947	1199977	0.0007819124	255	AAAAAACGATTTAAATTAAAAATGCCAGGTG	comp_122_SV_0_pheno1
239	1280pt3350_1	2100373	2100405	3.740207e-05	260	GACAAATAAGTATGACATCTTGATTATCTACATTAAAGTAATC	comp_178_SV_0_pheno1
240	1280pt3350_1	238968	239028	5.051194e-05	189	GTATATATTTGTTTATAAAAAATGATTGTTGATAAGCGTTAAATCAACACTTAGAAAGATT	comp_286_SV_0_pheno1
241	1280pt3350_1	567059	567103	0.00014029856250000002	214	CCAGATAACGTACCACCAGTACCAACACCAGCTAGGAACGCATCG	comp_223_SV_0_pheno1
242	1280pt3350_1	2728195	2728233	0.0004843937	256	CAAACTTACCTTGTGCCGCGTATTTTTTCAGTGTTGCTA	comp_143_SV_1_pheno1
243	1280pt3350_1	2676222	2676260	0.0019256465	248	AAAATATCACTTTGAACTGTACTCATCATTTACACCTCT	comp_255_SV_1_pheno1
244	1280pt3350_1	1160381	1160412	0.005672405	205	AAAAAATATATTAAGTTATGAGTGTGACGAT	comp_150_SV_1_pheno1
245	1280pt3350_1	490475	490513	0.0011966945	236	ACCGTAACTGGAATTTTAGCCATATATATACCCTCACTT	comp_133_SV_1_pheno1
246	1280pt3350_1	1256822	1256858	6.212411e-12	236	ATAATTGCGTTGAAAAATTTGGCTCGACAGCACTCAT	comp_88_SV_0_pheno1
247	1280pt3350_1	1893222	1893260	0.01140698	217	TGCAACAATTATCGCTGACTTTTATAAGAACATGAAGAC	comp_218_SV_0_pheno1
248	1280pt3350_1	922472	922506	5.835762e-06	266	GATGCATGTTCTTTCATAACACCATGTTTAAGG	comp_298_SV_0_pheno1
249	1280pt3350_1	1386272	1386308	0.008435856	221	TCAAATTGAGACATTTGCTCTAAAAAGTAAATATCTTGC	comp_224_SV_0_pheno1
250	1280pt3350_1	1280880	1280916	0.006157336	213	TTGAATTTAGCCACTTTTTTAACACAACATTATCCTC	comp_27_SV_0_pheno1
251	1280pt3350_1	10090	10122	0.007910405	263	AATTTATTCAATTTTAAAAATATATAGTAACT	comp_256_SV_0_pheno1
252	1280pt3350_1	1184900	1184941	0.001592238	198	AATGTGAGTAGGATCACCTGTTGCAAAAAATCGATGATCTGG	comp_82_SV_0_pheno1
253	1280pt3350_1	2237914	2237974	9.028727e-06	194	TAATTCCAATGCAAAATGGCTTTCTCTATAACTAAGACCACCCAAAACTCTAGTACCAGTG	comp_49_SV_0_pheno1
254	1280pt3350_1	2739326	2739361	3.02085e-05	162	TTTAGTATCGAGAATACGCTTACAATATAGAAAAGGAG	comp_4_SV_0_pheno1
255	1280pt3350_1	332704	332748	5.816179666666958e-06	191	AAACATTTTAATAGTATATACTTTTCTCATATTTTTTTGATATAA	comp_12_SV_1_pheno1
256	1280pt3350_1	1732988	1733028	0.008049491	255	TTTCAGTAAATAAAAAATCCTAACATCTCATGTTAAGAAAA	comp_20_SV_1_pheno1
257	1280pt3350_1	1733027	1733084	1.124044e-05	146	AACTTAAACAACTTTTTTAATTAAGTCATTGGTTCTTATACATTTGATGAAGGATTTC	comp_20_SV_2_pheno1
258	1280pt3350_1	1050845	1050883	3.856389e-05	255	ACTGTGACAGAAGGTATTATTTCAGGTCTGAACAGAAAT	comp_211_SV_0_pheno1
259	1280pt3350_1	1050823	1050857	4.373594e-05	249	ACTTGGTGTAGACTTTAAAGGCACTGTGACAGAAG	comp_211_SV_1_pheno1
260	1280pt3350_1	1202887	1202942	0.0010261659999999998	222	GAAAAATCTTTTAAATATTTTATTGAAAAAATAATCATATGCGTCATAATTCCCAC	comp_83_SV_0_pheno1
261	1280pt3350_1	1905748	1905808	0.000143889635	264	ATAGTCTAGTACTTTATGGTATAACTTCAAGAAAGTTTCTTCATCGATAGGTTGATTAATT	comp_118_SV_1_pheno1
262	1280pt3350_1	894981	895015	3.24368e-05	259	ATTCGTTGATGTTTTTCAATGTCAATATCTGCTTGCCATTCTATATC	comp_283_SV_0_pheno1
263	1280pt3350_1	174390	174469	0.01020542	223	GTACGCTTAGTTGGTAAAGATTTAGATGAAGTTAAAAATGGTGATGCACATGTTGATTACCTTGTAACTTGGAACATTCC	comp_214_cycle0
264	1280pt3350_1	2474830	2474885	0.009045045500000001	186	GTTTTTGTCATATTAATCCCCACTCTTTTTTAAATGATTTAACCATATTTTATTTT	comp_119_SV_0_pheno1
265	1280pt3350_1	2132783	2132818	0.0092254555	179	AAGCAGTATTAACACTGCTAGAAGAAAAAAATACAGTACCATTTATTGCG	comp_99_SV_1_pheno1
266	1280pt3350_1	684655	684691	0.027940725	160	GTCGTTTGTGATACGGGGCTAATTCATGATGAAATTAGATACATA	comp_151_SV_0_pheno1
267	1280pt3350_1	684631	684675	0.02151587	118	TCATGCCTTATATAACGTCGTTTGTGATACGGGGCTA	comp_151_SV_1_pheno1
268	1280pt3350_1	2320087	2320134	0.00645279	261	ACGAATTTACAATAAAGAAGGAAATAAAAAATATCTCGAAAATAGTTG	comp_127_SV_0_pheno1
269	1280pt3350_1	1021039	1021076	0.00644089	263	TAAAAATCCTTATGGATCTGCCATAATTCTTG	comp_248_SV_0_pheno1
270	1280pt3350_1	1021064	1021095	0.04219089	249	TAAATGCTGCACTTGGAGATAAAATTAAAAATCCTTAT	comp_248_SV_1_pheno1
271	1280pt3350_1	2414900	2414931	7.195516e-05	262	AGACACTATCCATGACCATTTTATTAAAGCGA	comp_234_SV_0_pheno1
272	1280pt3350_1	227199	227234	7.342127e-05	160	TAACTAATCTCCTTTCTTATCATTTTGTGATGGATG	comp_132_SV_0_pheno1
273	1280pt3350_1	661158	661192	0.006395818	223	CAACGACACAGACATAACCAAAAGTTAAAAACCAT	comp_231_SV_0_pheno1
274	1280pt3350_1	1953510	1953545	6.610365e-05	124	TTTTTCAAAATCAGCAGCTACCTACTGACACAACAT	comp_62_SV_1_pheno1
275	1280pt3350_1	2269205	2269243	5.4879365e-06	190	AAGAAAAAAACTGATGGGTACATATTTAATATGTTTTTAA	comp_216_SV_0_pheno1
276	1280pt3350_1	1743913	1743973	1.87885815e-05	170	AACCTGGTAAATCTGCCATAACAAAACTACGTTGATCAGGCGTTGAAACAACACCTAGATT	comp_290_SV_0_pheno1
277	1280pt3350_1	106366	106405	0.02200974	254	TAATAATGCAGATTCTTCACCAACTTTTTTAACAGCTGCA	comp_253_SV_0_pheno1
